time,uma,lat,lon,mp01,mp25,mp10,d03,d05,d01,d25,d50,d10,vel
11:15:56,1,-38.732689,-72.645523,1,1,2,375,97,9,2,2,0,0.1
11:15:58,1,-38.732689,-72.645523,1,1,4,321,87,11,6,6,0,0.1
11:16:00,1,-38.732681,-72.645546,1,1,4,303,81,8,6,6,0,0.1
11:16:02,1,-38.732670,-72.645569,1,1,4,336,84,8,6,6,0,0.1
11:16:04,1,-38.732666,-72.645576,1,1,4,354,88,8,6,6,0,0.3
11:16:06,1,-38.732666,-72.645584,1,1,4,363,93,8,6,6,0,0.4
11:16:08,1,-38.732662,-72.645584,1,1,4,351,89,7,5,5,0,0.1
11:16:10,1,-38.732666,-72.645584,1,1,4,357,94,7,5,5,0,0.7
11:16:12,1,-38.732670,-72.645576,1,1,3,336,90,6,4,4,0,0.2
11:16:14,1,-38.732677,-72.645576,1,1,3,315,85,6,4,4,0,0.7
11:16:16,1,-38.732677,-72.645569,1,1,1,282,70,1,0,0,0,1.0
11:16:18,1,-38.732685,-72.645569,0,0,0,276,67,1,0,0,0,0.5
11:16:20,1,-38.732689,-72.645561,1,1,1,270,71,1,0,0,0,1.1
11:16:21,1,-38.732693,-72.645569,1,1,1,270,75,1,0,0,0,1.1
11:16:23,1,-38.732681,-72.645546,1,1,1,270,75,1,0,0,0,3.6
11:16:25,1,-38.732647,-72.645485,0,0,0,273,69,1,0,0,0,6.5
11:16:27,1,-38.732590,-72.645439,0,0,0,252,60,1,0,0,0,7.7
11:16:29,1,-38.732529,-72.645393,1,1,1,300,73,2,1,1,0,7.7
11:16:31,1,-38.732487,-72.645348,1,1,1,342,87,2,1,1,0,5.5
11:16:33,1,-38.732460,-72.645309,1,1,1,357,91,1,1,1,0,4.9
11:16:35,1,-38.732399,-72.645264,1,1,1,369,95,1,1,1,0,8.4
11:16:36,1,-38.732361,-72.645218,1,1,1,348,91,1,1,1,0,11.8
11:16:38,1,-38.732246,-72.645111,1,1,1,363,98,2,1,1,0,16.1
11:16:40,1,-38.732113,-72.644981,1,1,1,330,85,2,1,1,0,19.1
11:16:42,1,-38.731953,-72.644852,1,1,1,378,99,2,1,1,0,20.7
11:16:44,1,-38.731819,-72.644722,1,1,2,378,103,2,1,1,0,17.3
11:16:46,1,-38.731770,-72.644608,1,1,2,387,110,2,1,1,0,9.9
11:16:48,1,-38.731781,-72.644478,1,1,1,339,97,1,0,0,0,10.6
11:16:50,1,-38.731808,-72.644325,1,1,1,300,84,1,0,0,0,12.2
11:16:52,1,-38.731846,-72.644173,1,1,1,273,77,1,0,0,0,12.7
11:16:54,1,-38.731888,-72.644012,1,1,1,288,80,2,1,1,0,12.9
11:16:56,1,-38.731937,-72.643867,0,0,1,228,60,1,1,1,0,11.6
11:16:58,1,-38.731983,-72.643738,0,0,1,243,67,1,1,1,0,10.4
11:17:00,1,-38.732006,-72.643654,1,1,1,231,65,2,1,1,0,5.3
11:17:02,1,-38.732010,-72.643639,0,0,1,204,61,2,1,1,0,0.7
11:17:04,1,-38.732010,-72.643631,0,0,1,177,51,2,1,1,0,0.1
11:17:06,1,-38.732010,-72.643631,0,0,1,171,49,2,1,1,0,0.1
11:17:08,1,-38.732006,-72.643631,0,0,1,189,49,2,1,1,0,0.1
11:17:10,1,-38.732010,-72.643639,0,0,1,195,50,2,1,1,0,0.7
11:17:14,1,-38.732010,-72.643547,0,0,0,159,40,1,0,0,0,8.2
11:17:16,1,-38.731998,-72.643394,0,0,0,144,33,1,0,0,0,14.2
11:17:18,1,-38.731945,-72.643196,0,0,0,150,30,0,0,0,0,18.3
11:17:20,1,-38.731838,-72.642998,0,0,0,171,35,0,0,0,0,20.5
11:17:22,1,-38.731754,-72.642845,0,0,0,183,40,0,0,0,0,13.7
11:17:24,1,-38.731682,-72.642723,0,0,0,198,46,3,0,0,0,13.9
11:17:26,1,-38.731598,-72.642563,0,0,0,198,50,3,0,0,0,17.3
11:17:28,1,-38.731548,-72.642372,0,0,0,183,49,3,0,0,0,15.4
11:17:30,1,-38.731567,-72.642212,0,0,0,180,48,3,0,0,0,13.5
11:17:32,1,-38.731655,-72.642044,0,0,0,216,55,3,0,0,0,16.9
11:17:34,1,-38.731758,-72.641846,1,1,1,252,68,4,1,1,0,20.7
11:17:36,1,-38.731880,-72.641624,1,1,1,258,73,4,1,1,0,22.8
11:17:38,1,-38.731998,-72.641396,1,1,1,252,73,4,1,1,0,22.5
11:17:40,1,-38.732090,-72.641151,1,1,1,273,75,4,1,1,0,22.9
11:17:42,1,-38.732166,-72.640892,0,1,1,258,71,2,1,1,0,23.4
11:17:44,1,-38.732235,-72.640617,1,1,1,264,73,2,1,1,0,24.4
11:17:46,1,-38.732296,-72.640388,1,1,1,306,85,2,1,1,0,18.7
11:17:48,1,-38.732327,-72.640282,1,1,2,354,97,5,1,1,0,5.9
11:17:50,1,-38.732334,-72.640259,1,1,2,390,104,8,1,1,0,0.6
11:17:52,1,-38.732334,-72.640251,1,1,2,408,107,12,1,0,0,1.2
11:17:54,1,-38.732353,-72.640205,1,1,2,408,107,12,1,0,0,6.4
11:17:56,1,-38.732388,-72.640083,1,2,3,441,118,21,1,0,0,11.6
11:17:58,1,-38.732433,-72.639915,2,2,3,447,125,22,1,0,0,15.6
11:18:00,1,-38.732483,-72.639717,2,2,3,474,125,22,1,0,0,17.4
11:18:02,1,-38.732540,-72.639511,2,2,3,510,138,22,1,0,0,18.2
11:18:04,1,-38.732594,-72.639275,2,2,3,522,138,23,1,0,0,21.0
11:18:06,1,-38.732651,-72.639000,2,2,3,504,131,20,1,0,0,23.9
11:18:08,1,-38.732708,-72.638710,2,2,3,486,129,20,1,0,0,25.3
11:18:10,1,-38.732777,-72.638412,1,2,2,435,118,12,0,0,0,26.3
11:18:12,1,-38.732838,-72.638115,1,2,2,429,116,12,0,0,0,25.2
11:18:14,1,-38.732910,-72.637810,1,1,1,447,115,4,0,0,0,26.4
11:18:16,1,-38.732990,-72.637497,2,2,2,480,124,4,0,0,0,25.8
11:18:20,1,-38.733109,-72.636932,2,2,2,480,125,4,0,0,0,22.8
11:18:22,1,-38.733162,-72.636703,2,2,2,480,127,3,0,0,0,17.5
11:18:24,1,-38.733208,-72.636520,2,2,2,471,129,3,0,0,0,16.7
11:18:26,1,-38.733253,-72.636322,2,2,2,477,131,3,0,0,0,18.0
11:18:28,1,-38.733303,-72.636093,2,2,2,471,124,6,0,0,0,21.7
11:18:30,1,-38.733345,-72.635811,2,2,2,483,126,9,0,0,0,23.9
11:18:32,1,-38.733372,-72.635513,2,2,2,477,124,8,0,0,0,26.1
11:18:34,1,-38.733391,-72.635193,2,3,3,522,141,17,1,1,0,26.5
11:18:36,1,-38.733429,-72.634880,2,2,3,513,139,16,1,1,0,27.1
11:18:38,1,-38.733482,-72.634552,2,3,4,573,154,21,1,1,0,27.9
11:18:40,1,-38.733524,-72.634247,2,3,4,606,161,26,1,1,0,23.2
11:18:42,1,-38.733555,-72.634048,2,3,4,654,163,29,1,1,0,14.1
11:18:44,1,-38.733582,-72.633850,3,4,5,753,194,30,1,1,0,18.2
11:18:48,1,-38.733681,-72.633385,4,5,5,888,226,36,1,1,0,19.5
11:18:50,1,-38.733715,-72.633179,4,5,6,909,233,39,1,1,0,15.8
11:18:52,1,-38.733749,-72.633057,4,5,5,891,220,34,0,0,0,6.8
11:18:54,1,-38.733753,-72.633003,4,5,5,906,229,35,0,0,0,1.6
11:18:56,1,-38.733753,-72.632988,4,5,5,873,225,30,0,0,0,0.1
11:18:58,1,-38.733749,-72.632996,4,5,5,882,227,25,0,0,0,0.1
11:19:00,1,-38.733753,-72.632988,4,5,5,921,239,22,0,0,0,0.1
11:19:02,1,-38.733753,-72.632988,4,5,5,876,225,30,0,0,0,0.2
11:19:04,1,-38.733761,-72.632980,4,5,5,921,241,30,0,0,0,1.5
11:19:06,1,-38.733780,-72.632965,4,5,5,897,246,23,0,0,0,4.1
11:19:08,1,-38.733818,-72.632896,4,6,6,924,255,30,1,0,0,7.0
11:19:10,1,-38.733849,-72.632805,4,6,6,975,264,26,1,0,0,10.0
11:19:12,1,-38.733879,-72.632668,4,6,6,987,266,25,1,0,0,12.7
11:19:14,1,-38.733929,-72.632500,5,6,6,1071,292,25,1,0,0,16.3
11:19:16,1,-38.733978,-72.632294,5,6,6,1095,305,25,1,0,0,19.7
11:19:18,1,-38.734043,-72.632088,5,7,7,1095,314,30,1,0,0,18.8
11:19:20,1,-38.734093,-72.631866,5,6,6,1113,312,22,1,0,0,19.5
11:19:22,1,-38.734154,-72.631638,5,6,6,1086,307,23,1,0,0,21.0
11:19:24,1,-38.734211,-72.631393,5,6,6,1029,282,18,1,0,0,21.7
11:19:26,1,-38.734264,-72.631157,5,5,5,981,269,9,0,0,0,20.5
11:19:28,1,-38.734314,-72.630928,5,5,5,924,260,13,0,0,0,19.4
11:19:30,1,-38.734360,-72.630745,5,5,5,945,264,16,0,0,0,15.6
11:19:32,1,-38.734390,-72.630600,5,5,5,894,249,21,0,0,0,10.2
11:19:34,1,-38.734413,-72.630486,4,5,5,864,238,22,0,0,0,11.1
11:19:36,1,-38.734455,-72.630310,5,5,5,918,248,20,0,0,0,17.1
11:19:38,1,-38.734497,-72.630081,5,5,5,951,264,22,0,0,0,21.2
11:19:40,1,-38.734550,-72.629807,5,6,6,1014,276,28,0,0,0,24.3
11:19:42,1,-38.734619,-72.629509,7,7,7,1254,342,31,0,0,0,26.7
11:19:44,1,-38.734695,-72.629211,10,11,11,1986,539,36,0,0,0,26.1
11:19:46,1,-38.734776,-72.628952,13,13,13,2382,648,41,0,0,0,20.7
11:19:48,1,-38.734837,-72.628769,14,15,15,2628,702,41,0,0,0,14.8
11:19:50,1,-38.734894,-72.628624,15,16,16,2865,761,37,0,0,0,12.1
11:19:52,1,-38.734901,-72.628555,15,17,18,3123,812,45,3,3,0,2.9
11:19:54,1,-38.734901,-72.628548,16,17,18,3216,835,43,3,3,0,1.1
11:19:56,1,-38.734894,-72.628540,16,18,19,3396,877,43,3,3,0,0.1
11:19:58,1,-38.734901,-72.628540,17,18,21,3522,894,45,6,4,0,0.1
11:20:00,1,-38.734894,-72.628532,16,17,21,3447,866,47,6,4,0,0.1
11:20:02,1,-38.734890,-72.628525,14,16,21,3108,776,49,9,7,0,0.2
11:20:04,1,-38.734886,-72.628517,13,14,20,2931,718,44,9,7,0,0.1
11:20:06,1,-38.734882,-72.628510,13,14,20,2859,711,48,9,7,0,0.2
11:20:08,1,-38.734879,-72.628510,13,14,19,2736,680,48,9,7,0,0.0
11:20:10,1,-38.734871,-72.628502,13,14,18,2697,689,42,6,4,0,0.1
11:20:12,1,-38.734863,-72.628502,13,14,19,2703,695,48,7,5,0,0.1
11:20:14,1,-38.734863,-72.628494,13,15,20,2631,677,55,10,5,0,0.1
11:20:16,1,-38.734859,-72.628487,13,16,19,2655,699,49,7,4,0,0.1
11:20:18,1,-38.734856,-72.628487,13,17,19,2631,692,51,7,4,0,0.1
11:20:20,1,-38.734852,-72.628479,13,17,19,2628,687,57,7,4,0,0.1
11:20:22,1,-38.734848,-72.628479,13,16,17,2562,673,53,4,1,0,0.1
11:20:24,1,-38.734844,-72.628479,13,16,17,2535,662,51,4,1,0,0.1
11:20:26,1,-38.734844,-72.628479,13,16,17,2559,674,55,4,1,0,0.0
11:20:28,1,-38.734856,-72.628471,12,14,16,2445,643,52,4,1,0,0.1
11:20:30,1,-38.734867,-72.628464,12,14,14,2385,626,45,3,0,0,0.1
11:20:32,1,-38.734871,-72.628464,12,13,13,2343,622,38,0,0,0,0.1
11:20:34,1,-38.734875,-72.628464,12,13,13,2325,620,44,0,0,0,0.1
11:20:36,1,-38.734875,-72.628464,12,13,13,2358,629,42,0,0,0,0.1
11:20:38,1,-38.734875,-72.628464,11,13,16,2301,616,49,3,3,0,0.2
11:20:40,1,-38.734871,-72.628464,11,14,17,2367,640,75,3,3,0,0.3
11:20:42,1,-38.734871,-72.628471,11,14,17,2391,647,71,3,3,0,0.4
11:20:44,1,-38.734871,-72.628471,12,16,17,2484,657,73,3,3,0,0.1
11:20:46,1,-38.734871,-72.628471,13,17,19,2643,701,78,3,3,0,0.2
11:20:48,1,-38.734871,-72.628471,13,17,20,2682,714,85,4,4,1,0.4
11:20:50,1,-38.734871,-72.628471,14,18,21,2784,732,92,4,4,1,0.4
11:20:52,1,-38.734879,-72.628456,14,19,21,2844,743,95,4,4,1,4.0
11:20:54,1,-38.734894,-72.628410,14,19,21,2877,761,90,4,4,1,6.2
11:20:56,1,-38.734921,-72.628311,14,19,20,2895,770,85,1,1,1,9.8
11:21:00,1,-38.734989,-72.627991,13,17,19,2691,697,70,6,2,1,15.8
11:21:02,1,-38.735039,-72.627777,13,18,19,2658,698,77,6,2,1,20.0
11:21:04,1,-38.735104,-72.627541,13,17,19,2613,694,73,6,2,1,20.6
11:21:06,1,-38.735161,-72.627304,14,18,19,2802,736,73,5,1,0,20.5
11:21:10,1,-38.735260,-72.626877,16,19,19,2958,792,65,5,1,0,16.6
11:21:12,1,-38.735310,-72.626678,16,19,20,3024,810,72,5,1,0,17.4
11:21:14,1,-38.735352,-72.626465,17,20,20,3105,821,68,5,1,0,18.8
11:21:16,1,-38.735401,-72.626244,17,20,20,3264,866,77,0,0,0,19.7
11:21:18,1,-38.735455,-72.626022,19,21,21,3417,924,70,0,0,0,19.1
11:21:20,1,-38.735508,-72.625793,19,21,22,3471,935,57,1,1,0,20.7
11:21:22,1,-38.735569,-72.625557,19,21,22,3516,933,68,1,1,0,22.0
11:21:24,1,-38.735630,-72.625320,19,22,23,3456,926,77,2,1,0,21.6
11:21:26,1,-38.735680,-72.625076,18,21,22,3318,888,73,2,1,0,20.5
11:21:28,1,-38.735741,-72.624825,17,20,21,3246,861,66,2,1,0,22.1
11:21:30,1,-38.735802,-72.624588,16,19,21,3126,830,64,3,2,1,20.4
11:21:32,1,-38.735855,-72.624367,16,19,21,3066,813,64,3,2,1,19.1
11:21:34,1,-38.735905,-72.624153,16,18,20,3048,801,57,4,2,1,18.3
11:21:38,1,-38.735996,-72.623825,13,17,20,2787,732,73,4,2,2,11.3
11:21:40,1,-38.736027,-72.623718,13,17,19,2739,727,64,4,2,2,7.8
11:21:42,1,-38.736050,-72.623627,13,16,18,2703,716,57,3,2,2,7.4
11:21:44,1,-38.736080,-72.623528,13,17,18,2709,720,59,3,2,2,8.1
11:21:46,1,-38.736103,-72.623436,13,16,18,2661,700,60,3,2,2,8.7
11:21:48,1,-38.736168,-72.623344,13,16,17,2628,690,56,2,1,1,9.7
11:21:50,1,-38.736263,-72.623352,13,16,17,2628,694,56,2,1,1,11.7
11:21:52,1,-38.736382,-72.623390,13,16,17,2613,685,50,1,1,1,14.2
11:21:54,1,-38.736511,-72.623451,13,16,17,2595,687,54,1,1,1,15.8
11:21:56,1,-38.736660,-72.623505,13,16,16,2655,684,51,1,0,0,18.2
11:21:58,1,-38.736828,-72.623566,13,15,15,2616,680,51,1,0,0,18.4
11:22:00,1,-38.736980,-72.623627,12,14,14,2505,647,43,1,0,0,16.4
11:22:02,1,-38.737099,-72.623680,14,16,16,2610,680,50,2,1,0,12.2
11:22:04,1,-38.737194,-72.623650,14,16,18,2664,691,54,5,2,0,11.7
11:22:06,1,-38.737251,-72.623466,14,17,19,2802,732,67,5,2,0,19.2
11:22:08,1,-38.737312,-72.623215,15,17,19,2874,732,65,5,2,0,24.1
11:22:10,1,-38.737392,-72.622917,15,17,19,2808,728,71,5,2,0,27.9
11:22:12,1,-38.737465,-72.622612,14,16,18,2754,721,58,5,2,0,26.1
11:22:14,1,-38.737534,-72.622337,13,16,18,2697,716,61,5,3,0,24.3
11:22:16,1,-38.737602,-72.622040,13,15,18,2658,696,63,5,3,0,27.2
11:22:18,1,-38.737679,-72.621712,13,15,18,2637,692,65,5,3,0,29.1
11:22:20,1,-38.737759,-72.621376,12,14,16,2499,657,56,4,2,0,30.7
11:22:22,1,-38.737846,-72.621025,12,14,14,2445,651,58,1,1,0,31.2
11:22:24,1,-38.737934,-72.620682,11,13,13,2334,613,49,1,1,0,29.5
11:22:26,1,-38.738018,-72.620354,11,12,13,2169,584,51,1,1,0,28.8
11:22:28,1,-38.738091,-72.620064,11,12,12,2130,568,47,1,1,0,23.0
11:22:30,1,-38.738167,-72.619873,10,12,12,2124,548,53,1,1,0,15.6
11:22:32,1,-38.738274,-72.619797,10,11,11,2052,519,51,0,0,0,12.5
11:22:34,1,-38.738400,-72.619789,9,10,10,1992,496,36,0,0,0,14.0
11:22:36,1,-38.738522,-72.619751,10,11,11,2064,527,45,0,0,0,13.3
11:22:38,1,-38.738575,-72.619591,10,11,11,2070,527,45,0,0,0,17.1
11:22:40,1,-38.738625,-72.619370,10,11,11,2052,524,47,0,0,0,20.1
11:22:42,1,-38.738682,-72.619141,10,11,11,2010,515,47,0,0,0,19.8
11:22:44,1,-38.738747,-72.618935,10,11,11,2130,561,45,0,0,0,18.1
11:22:46,1,-38.738796,-72.618759,11,12,13,2277,593,49,1,0,0,13.2
11:22:48,1,-38.738827,-72.618645,12,13,13,2349,620,43,1,0,0,7.8
11:22:50,1,-38.738842,-72.618584,13,14,14,2550,682,50,1,0,0,4.2
11:22:52,1,-38.738846,-72.618553,14,16,16,2640,718,62,1,0,0,0.6
11:22:54,1,-38.738842,-72.618546,13,14,14,2601,682,55,1,0,0,0.2
11:22:56,1,-38.738838,-72.618538,13,14,16,2655,693,53,1,0,0,0.0
11:22:58,1,-38.738838,-72.618538,14,16,16,2760,720,45,1,0,0,0.1
11:23:00,1,-38.738831,-72.618530,14,16,16,2826,746,43,1,0,0,0.0
11:23:02,1,-38.738831,-72.618530,14,16,16,2772,727,45,1,0,0,0.1
11:23:04,1,-38.738831,-72.618523,13,16,16,2631,695,48,0,0,0,0.1
11:23:06,1,-38.738827,-72.618515,13,14,14,2586,677,52,0,0,0,0.0
11:23:08,1,-38.738819,-72.618523,12,14,14,2505,659,52,1,1,0,0.1
11:23:10,1,-38.738823,-72.618500,12,13,14,2457,639,50,2,2,0,3.9
11:23:12,1,-38.738834,-72.618462,14,16,17,2490,666,71,2,2,0,4.2
11:23:14,1,-38.738853,-72.618385,13,17,19,2601,699,91,5,5,0,7.0
11:23:16,1,-38.738880,-72.618301,13,17,20,2640,715,97,5,5,0,8.4
11:23:18,1,-38.738911,-72.618195,14,18,21,2760,751,101,5,5,0,9.7
11:23:20,1,-38.738941,-72.618065,16,19,22,2886,790,108,5,5,0,12.1
11:23:22,1,-38.738998,-72.617912,16,19,22,2898,793,105,6,6,0,15.3
11:23:24,1,-38.739079,-72.617737,16,20,23,2931,813,107,7,7,0,17.0
11:23:26,1,-38.739170,-72.617546,15,19,23,2910,800,104,7,7,0,18.8
11:23:28,1,-38.739265,-72.617355,15,20,23,2955,811,106,7,6,0,19.2
11:23:30,1,-38.739365,-72.617157,17,19,24,3000,821,93,9,8,1,19.3
11:23:32,1,-38.739456,-72.616966,16,19,22,2856,773,86,9,5,1,18.8
11:23:34,1,-38.739544,-72.616783,15,18,22,2799,761,84,9,5,1,16.9
11:23:36,1,-38.739632,-72.616608,14,17,21,2700,728,78,10,5,1,17.6
11:23:38,1,-38.739719,-72.616417,13,15,20,2640,702,71,10,5,1,18.6
11:23:40,1,-38.739807,-72.616226,14,17,20,2703,726,67,9,4,1,19.6
11:23:42,1,-38.739887,-72.616013,14,17,19,2649,720,65,8,3,1,20.8
11:23:44,1,-38.739937,-72.615761,14,17,19,2715,735,65,7,2,1,22.4
11:23:46,1,-38.739979,-72.615494,14,17,19,2703,741,63,6,2,1,23.2
11:23:48,1,-38.740021,-72.615227,14,15,18,2598,710,59,5,1,0,22.9
11:23:50,1,-38.740059,-72.614952,13,15,15,2553,698,46,1,0,0,24.4
11:23:52,1,-38.740097,-72.614700,13,15,15,2538,690,48,1,0,0,20.1
11:23:54,1,-38.740128,-72.614487,13,15,15,2538,694,56,1,0,0,17.5
11:23:56,1,-38.740158,-72.614304,14,16,17,2553,705,56,2,0,0,14.2
11:23:58,1,-38.740192,-72.614128,13,16,16,2532,681,58,2,0,0,16.5
11:24:00,1,-38.740231,-72.613922,13,15,17,2577,680,58,2,0,0,19.5
11:24:02,1,-38.740265,-72.613670,13,15,15,2499,665,56,2,0,0,22.6
11:24:04,1,-38.740307,-72.613396,12,14,17,2412,634,58,5,3,0,23.6
11:24:06,1,-38.740345,-72.613121,13,14,18,2499,655,62,6,4,0,23.4
11:24:08,1,-38.740383,-72.612839,11,13,17,2325,603,62,6,4,0,23.6
11:24:10,1,-38.740425,-72.612579,11,12,15,2184,556,56,6,4,0,21.1
11:24:12,1,-38.740459,-72.612350,10,11,14,2064,516,52,5,4,0,19.5
11:24:14,1,-38.740490,-72.612129,9,11,13,1962,485,52,5,5,0,18.2
11:24:16,1,-38.740528,-72.611916,9,11,14,1962,494,52,5,5,0,19.0
11:24:18,1,-38.740562,-72.611687,9,11,13,1923,494,52,5,5,0,20.2
11:24:20,1,-38.740601,-72.611443,9,11,15,1896,492,52,5,5,0,21.2
11:24:22,1,-38.740635,-72.611183,9,12,13,1983,514,57,2,2,0,22.4
11:24:24,1,-38.740685,-72.610901,9,11,12,1881,485,51,1,1,0,25.5
11:24:26,1,-38.740749,-72.610588,9,12,12,1914,498,53,1,1,0,27.8
11:24:28,1,-38.740799,-72.610252,10,12,13,2001,535,55,2,2,0,29.1
11:24:30,1,-38.740845,-72.609917,10,13,14,2061,557,55,2,2,0,28.8
11:24:32,1,-38.740894,-72.609589,10,13,14,2037,555,59,2,2,0,28.3
11:24:34,1,-38.740940,-72.609261,10,12,17,1956,535,61,5,5,3,28.5
11:24:38,1,-38.741032,-72.608604,9,11,16,1938,509,61,5,5,3,28.7
11:24:40,1,-38.741081,-72.608276,9,11,14,1965,516,58,5,5,3,28.5
11:24:42,1,-38.741127,-72.607941,10,12,16,2025,545,69,5,5,3,28.7
11:24:44,1,-38.741177,-72.607613,10,11,16,1998,534,64,5,5,3,27.9
11:24:46,1,-38.741222,-72.607285,10,11,15,1962,523,55,4,4,3,29.3
11:24:48,1,-38.741272,-72.606941,9,10,13,1878,497,57,4,4,3,29.6
11:24:50,1,-38.741329,-72.606598,9,10,13,1896,497,58,4,4,3,29.4
11:24:52,1,-38.741375,-72.606262,9,11,11,1911,499,58,1,1,0,28.6
11:24:54,1,-38.741432,-72.605919,9,11,11,1899,498,60,1,1,0,30.5
11:24:56,1,-38.741489,-72.605576,9,11,11,1878,502,58,1,1,0,29.1
11:24:58,1,-38.741550,-72.605247,9,10,12,1791,482,54,2,2,1,28.2
11:25:00,1,-38.741600,-72.604927,8,9,11,1707,455,40,2,2,1,26.6
11:25:02,1,-38.741631,-72.604645,8,10,11,1686,453,43,2,2,1,21.3
11:25:04,1,-38.741634,-72.604462,8,10,11,1677,440,54,2,2,1,12.1
11:25:06,1,-38.741653,-72.604378,8,10,12,1827,475,52,2,2,1,3.4
11:25:08,1,-38.741653,-72.604362,9,10,11,1866,482,49,1,1,1,0.2
11:25:10,1,-38.741653,-72.604355,9,11,13,1938,504,51,4,2,1,0.1
11:25:12,1,-38.741653,-72.604355,10,11,13,2043,529,45,4,2,1,0.3
11:25:14,1,-38.741657,-72.604347,10,12,15,2202,567,60,4,2,1,0.2
11:25:16,1,-38.741657,-72.604340,11,13,15,2328,600,58,3,1,0,0.1
11:25:18,1,-38.741657,-72.604340,11,13,15,2421,626,59,3,1,0,0.1
11:25:20,1,-38.741657,-72.604340,12,14,16,2547,655,63,4,1,0,0.1
11:25:22,1,-38.741657,-72.604340,12,15,16,2553,657,56,4,1,0,0.1
11:25:24,1,-38.741657,-72.604340,12,13,15,2502,648,50,4,1,0,0.1
11:25:26,1,-38.741653,-72.604340,12,13,15,2490,648,48,4,1,0,0.0
11:25:28,1,-38.741653,-72.604340,12,14,15,2445,644,40,2,1,0,0.0
11:25:30,1,-38.741653,-72.604340,12,14,15,2424,642,44,2,1,0,0.0
11:25:32,1,-38.741653,-72.604340,11,13,13,2364,617,37,2,1,0,0.1
11:25:34,1,-38.741653,-72.604340,11,12,13,2292,586,43,2,1,0,0.1
11:25:36,1,-38.741653,-72.604332,11,12,13,2277,580,47,2,1,0,0.0
11:25:38,1,-38.741650,-72.604332,10,12,12,2190,560,43,1,1,0,0.1
11:25:40,1,-38.741650,-72.604324,10,12,12,2178,561,50,1,1,0,0.1
11:25:42,1,-38.741650,-72.604324,9,11,11,1989,503,47,1,1,0,0.0
11:25:44,1,-38.741650,-72.604324,9,10,11,1968,494,43,1,1,0,0.1
11:25:46,1,-38.741646,-72.604324,9,11,11,1986,496,45,0,0,0,0.1
11:25:48,1,-38.741646,-72.604324,9,10,10,1914,480,45,0,0,0,0.1
11:25:50,1,-38.741646,-72.604317,8,9,9,1788,452,37,0,0,0,2.1
11:25:52,1,-38.741665,-72.604256,8,9,9,1695,433,28,0,0,0,6.5
11:25:54,1,-38.741730,-72.604233,7,8,8,1629,413,23,0,0,0,7.9
11:25:56,1,-38.741810,-72.604317,7,8,8,1578,404,23,0,0,0,13.7
11:25:58,1,-38.741901,-72.604446,8,8,8,1671,423,21,0,0,0,14.7
11:26:03,1,-38.742050,-72.604645,7,8,8,1545,410,20,0,0,0,8.1
11:26:05,1,-38.742092,-72.604713,7,7,7,1440,385,17,0,0,0,6.8
11:26:07,1,-38.742123,-72.604752,7,7,7,1419,370,13,0,0,0,4.0
11:26:09,1,-38.742138,-72.604774,6,7,7,1380,358,12,0,0,0,1.5
11:26:13,1,-38.742188,-72.604866,6,6,6,1248,324,14,1,1,0,9.0
11:26:15,1,-38.742252,-72.604965,6,6,6,1242,324,11,1,1,0,10.2
11:26:17,1,-38.742332,-72.605103,5,5,5,1083,289,6,1,1,0,15.1
11:26:19,1,-38.742416,-72.605232,5,5,5,1083,287,9,1,1,0,14.0
11:26:21,1,-38.742512,-72.605377,5,5,5,1053,284,9,1,1,0,16.9
11:26:23,1,-38.742626,-72.605545,5,5,6,1086,285,10,2,2,0,19.6
11:26:25,1,-38.742760,-72.605728,5,5,6,1107,296,10,2,2,0,22.0
11:26:27,1,-38.742897,-72.605927,5,6,7,1146,316,11,2,2,0,22.8
11:26:29,1,-38.743046,-72.606125,6,6,6,1218,336,10,1,1,0,23.4
11:26:31,1,-38.743195,-72.606331,6,6,6,1230,337,10,1,1,0,24.1
11:26:33,1,-38.743355,-72.606560,6,6,6,1230,331,10,1,1,0,26.9
11:26:35,1,-38.743526,-72.606789,6,6,7,1254,336,13,1,1,0,26.5
11:26:37,1,-38.743694,-72.607025,6,6,7,1281,340,11,1,1,0,26.4
11:26:39,1,-38.743866,-72.607246,6,7,7,1428,358,20,1,1,0,26.5
11:26:41,1,-38.744030,-72.607460,6,7,7,1374,344,19,0,0,0,24.7
11:26:43,1,-38.744179,-72.607658,6,6,6,1332,322,19,0,0,0,20.9
11:26:45,1,-38.744278,-72.607796,5,6,6,1293,307,19,0,0,0,13.0
11:26:47,1,-38.744339,-72.607880,5,6,6,1254,302,19,0,0,0,6.7
11:26:49,1,-38.744362,-72.607918,5,6,6,1281,313,21,1,1,0,1.5
11:26:51,1,-38.744366,-72.607925,5,6,7,1272,306,30,1,1,0,0.3
11:26:53,1,-38.744377,-72.607925,5,6,7,1281,306,32,1,1,0,0.0
11:26:55,1,-38.744381,-72.607925,5,6,6,1233,286,31,1,1,0,0.3
11:26:56,1,-38.744381,-72.607925,4,5,6,1173,269,27,1,1,0,0.2
11:26:58,1,-38.744381,-72.607925,4,5,6,1056,250,26,3,1,0,0.1
11:27:00,1,-38.744377,-72.607925,4,5,7,1050,265,37,4,1,0,0.1
11:27:02,1,-38.744377,-72.607925,4,6,7,1062,270,37,4,1,0,0.1
11:27:04,1,-38.744377,-72.607918,5,6,7,1107,285,37,4,1,0,0.6
11:27:06,1,-38.744392,-72.607925,5,6,7,1152,293,41,3,0,0,3.0
11:27:08,1,-38.744431,-72.607979,5,6,7,1173,308,33,3,0,0,8.4
11:27:10,1,-38.744495,-72.608070,5,6,7,1164,308,35,3,0,0,11.7
11:27:12,1,-38.744579,-72.608192,5,7,8,1185,322,40,3,0,0,15.1
11:27:14,1,-38.744678,-72.608337,6,7,8,1191,333,40,3,0,0,17.5
11:27:16,1,-38.744789,-72.608490,6,7,7,1137,326,37,1,0,0,17.9
11:27:18,1,-38.744911,-72.608658,6,7,7,1179,331,26,0,0,0,19.9
11:27:20,1,-38.745049,-72.608849,6,7,7,1212,341,28,0,0,0,22.6
11:27:22,1,-38.745205,-72.609032,6,7,7,1278,359,29,0,0,0,22.6
11:27:24,1,-38.745369,-72.609146,6,7,7,1305,368,27,0,0,0,19.8
11:27:26,1,-38.745541,-72.609207,6,7,7,1293,351,26,0,0,0,18.5
11:27:28,1,-38.745674,-72.609261,6,7,7,1368,368,19,0,0,0,13.0
11:27:30,1,-38.745735,-72.609390,7,7,7,1389,376,14,0,0,0,13.9
11:27:32,1,-38.745777,-72.609581,7,7,7,1434,382,13,0,0,0,18.7
11:27:34,1,-38.745872,-72.609787,7,8,8,1509,398,16,0,0,0,21.6
11:27:36,1,-38.746025,-72.609985,8,9,10,1644,428,20,3,1,1,25.0
11:27:38,1,-38.746197,-72.610191,9,10,12,1779,471,24,6,4,1,27.2
11:27:40,1,-38.746387,-72.610428,9,10,13,1779,473,32,6,4,1,28.5
11:27:42,1,-38.746582,-72.610657,9,10,13,1860,495,30,6,4,1,29.4
11:27:44,1,-38.746792,-72.610901,10,11,14,1926,521,35,6,4,1,30.9
11:27:46,1,-38.746998,-72.611153,10,12,14,1926,534,45,6,4,1,29.8
11:27:48,1,-38.747185,-72.611397,10,12,15,2025,559,46,6,4,1,29.1
11:27:50,1,-38.747379,-72.611641,11,13,16,2145,590,56,6,4,1,29.6
11:27:52,1,-38.747574,-72.611885,11,14,17,2211,618,62,6,4,1,29.1
11:27:54,1,-38.747784,-72.612137,10,13,15,2067,572,63,3,3,0,31.5
11:27:56,1,-38.747990,-72.612389,9,12,12,1968,540,66,0,0,0,30.8
11:27:58,1,-38.748203,-72.612648,9,13,13,1962,538,66,0,0,0,32.8
11:28:00,1,-38.748417,-72.612915,9,12,12,1848,496,64,1,1,0,30.4
11:28:02,1,-38.748611,-72.613174,8,11,11,1740,467,62,1,1,0,29.0
11:28:04,1,-38.748787,-72.613411,8,10,10,1671,437,55,1,1,0,26.2
11:28:06,1,-38.748940,-72.613632,7,10,10,1584,414,59,1,1,0,24.2
11:28:08,1,-38.749092,-72.613831,7,9,10,1446,381,54,2,2,0,23.9
11:28:10,1,-38.749249,-72.614037,6,8,9,1305,339,46,2,2,0,23.2
11:28:12,1,-38.749371,-72.614189,5,7,8,1185,308,38,2,2,0,14.2
11:28:14,1,-38.749458,-72.614288,5,6,7,1152,304,28,2,2,0,13.6
11:28:16,1,-38.749550,-72.614380,5,5,6,1080,275,22,2,2,0,12.1
11:28:18,1,-38.749638,-72.614502,5,6,6,1062,280,26,1,1,0,15.0
11:28:20,1,-38.749741,-72.614639,5,6,7,1128,303,23,1,1,0,16.7
11:28:22,1,-38.749828,-72.614769,5,6,7,1116,305,25,1,1,0,12.8
11:28:24,1,-38.749901,-72.614868,5,6,7,1104,301,23,1,1,0,11.6
11:28:26,1,-38.749985,-72.614983,5,7,7,1149,310,23,1,0,0,11.8
11:28:28,1,-38.750080,-72.615120,5,7,7,1197,315,23,1,0,0,16.2
11:28:30,1,-38.750183,-72.615242,5,7,7,1212,321,29,1,0,0,13.3
11:28:32,1,-38.750278,-72.615364,5,6,6,1116,295,30,1,0,0,16.1
11:28:34,1,-38.750416,-72.615524,5,7,7,1149,307,34,1,0,0,20.6
11:28:36,1,-38.750568,-72.615715,5,6,6,1149,309,29,1,0,0,22.1
11:28:38,1,-38.750725,-72.615913,5,7,7,1164,307,36,1,0,0,22.9
11:28:40,1,-38.750862,-72.616127,5,6,6,1176,304,32,1,0,0,20.9
11:28:42,1,-38.750984,-72.616302,5,6,6,1137,284,30,1,0,0,17.5
11:28:44,1,-38.751057,-72.616425,5,6,6,1170,300,26,0,0,0,12.0
11:28:46,1,-38.751087,-72.616570,6,7,7,1236,322,34,0,0,0,13.1
11:28:48,1,-38.750996,-72.616730,6,7,7,1269,329,30,1,1,0,16.3
11:28:52,1,-38.750702,-72.617088,7,8,8,1455,380,29,1,1,0,24.8
11:28:54,1,-38.750542,-72.617317,7,8,9,1533,405,30,1,1,0,26.1
11:28:56,1,-38.750404,-72.617599,8,9,10,1620,440,35,1,1,0,25.6
11:28:58,1,-38.750317,-72.617889,8,9,10,1656,447,34,1,1,0,26.2
11:29:02,1,-38.750172,-72.618507,8,10,10,1692,460,40,1,1,0,26.5
11:29:04,1,-38.750095,-72.618805,9,10,10,1686,460,38,1,1,0,26.8
11:29:06,1,-38.750034,-72.619118,9,10,10,1737,477,36,1,1,0,25.9
11:29:08,1,-38.749966,-72.619415,9,11,12,1812,492,42,4,1,0,25.6
11:29:10,1,-38.749889,-72.619705,8,10,11,1698,460,46,4,1,0,26.2
11:29:12,1,-38.749805,-72.619995,8,10,12,1674,446,50,7,2,0,25.8
11:29:14,1,-38.749729,-72.620300,7,9,11,1581,410,41,7,2,0,26.9
11:29:16,1,-38.749657,-72.620605,8,9,12,1626,432,46,7,2,0,27.2
11:29:20,1,-38.749504,-72.621216,8,10,13,1788,473,52,8,3,1,27.9
11:29:22,1,-38.749432,-72.621529,8,11,14,1833,480,54,9,4,1,26.6
11:29:24,1,-38.749371,-72.621765,9,12,15,1908,496,65,8,3,1,17.4
11:29:26,1,-38.749313,-72.621971,9,12,14,2001,527,61,5,3,1,20.1
11:29:30,1,-38.749184,-72.622520,11,13,15,2169,579,63,3,3,1,26.9
11:29:32,1,-38.749104,-72.622833,11,14,16,2247,600,67,3,3,1,28.5
11:29:34,1,-38.749023,-72.623169,12,14,16,2301,607,65,3,3,1,30.2
11:29:36,1,-38.748940,-72.623505,11,14,15,2289,602,61,2,2,0,29.2
11:29:38,1,-38.748859,-72.623825,11,13,15,2247,599,63,2,2,0,28.6
11:29:40,1,-38.748783,-72.624168,11,13,13,2181,583,55,1,1,0,31.1
11:29:42,1,-38.748692,-72.624535,11,12,13,2115,576,48,1,1,0,32.7
11:29:44,1,-38.748585,-72.624924,11,13,13,2109,582,53,1,1,0,34.1
11:29:46,1,-38.748478,-72.625305,11,13,13,2127,583,51,0,0,0,33.5
11:29:48,1,-38.748383,-72.625671,10,12,12,2040,549,48,0,0,0,32.5
11:29:50,1,-38.748299,-72.626015,10,12,12,2007,544,51,0,0,0,30.2
11:29:52,1,-38.748226,-72.626320,9,11,11,1893,519,57,0,0,0,23.5
11:29:54,1,-38.748188,-72.626495,9,11,11,1833,499,59,0,0,0,14.5
11:29:56,1,-38.748146,-72.626678,9,11,11,1761,479,51,0,0,0,18.0
11:29:58,1,-38.748070,-72.626945,9,11,11,1776,488,50,0,0,0,24.1
11:30:00,1,-38.747993,-72.627228,9,11,11,1794,486,52,0,0,0,24.8
11:30:02,1,-38.747925,-72.627533,8,9,9,1638,436,43,0,0,0,25.8
11:30:04,1,-38.747864,-72.627846,7,9,9,1533,411,39,0,0,0,28.7
11:30:06,1,-38.747799,-72.628166,7,8,8,1368,371,41,0,0,0,27.6
11:30:08,1,-38.747734,-72.628464,7,7,7,1290,355,38,0,0,0,26.5
11:30:10,1,-38.747684,-72.628708,7,7,7,1290,353,30,0,0,0,18.3
11:30:12,1,-38.747658,-72.628853,7,7,7,1275,349,26,0,0,0,8.4
11:30:14,1,-38.747646,-72.628906,7,7,7,1314,354,25,0,0,0,3.0
11:30:16,1,-38.747643,-72.628922,6,7,7,1260,336,25,0,0,0,0.2
11:30:18,1,-38.747643,-72.628922,6,6,6,1155,309,18,0,0,0,0.0
11:30:20,1,-38.747643,-72.628929,5,6,6,1122,300,18,0,0,0,0.0
11:30:22,1,-38.747643,-72.628929,5,6,7,1149,305,24,3,1,0,0.1
11:30:24,1,-38.747643,-72.628937,5,6,7,1149,302,18,3,1,0,0.0
11:30:26,1,-38.747643,-72.628937,5,5,7,1032,274,13,4,2,1,0.0
11:30:28,1,-38.747643,-72.628944,4,5,7,987,263,13,4,2,1,0.2
11:30:30,1,-38.747639,-72.628944,4,5,7,957,254,12,4,2,1,0.1
11:30:32,1,-38.747635,-72.628944,4,4,6,864,238,12,4,2,1,0.0
11:30:34,1,-38.747639,-72.628937,4,4,6,882,243,12,4,2,1,0.0
11:30:36,1,-38.747639,-72.628937,4,4,6,882,243,13,4,2,1,0.1
11:30:38,1,-38.747643,-72.628937,4,4,6,855,238,12,4,2,1,0.3
11:30:40,1,-38.747643,-72.628937,4,4,4,786,220,6,1,1,1,0.1
11:30:42,1,-38.747635,-72.628967,3,3,4,741,207,5,1,1,1,5.5
11:30:44,1,-38.747620,-72.629044,3,3,3,690,187,3,0,0,0,7.1
11:30:46,1,-38.747581,-72.629135,2,2,2,648,170,2,0,0,0,8.9
11:30:48,1,-38.747524,-72.629250,2,2,2,639,172,2,0,0,0,12.1
11:30:50,1,-38.747490,-72.629395,2,2,2,666,177,2,0,0,0,14.2
11:30:52,1,-38.747505,-72.629570,2,2,2,621,166,5,0,0,0,16.2
11:30:54,1,-38.747555,-72.629768,2,2,3,615,164,7,1,1,0,19.5
11:30:56,1,-38.747601,-72.630005,2,2,3,624,164,8,1,1,0,20.6
11:30:58,1,-38.747658,-72.630241,2,2,3,600,157,7,1,1,0,20.4
11:31:00,1,-38.747715,-72.630493,2,2,3,606,162,7,1,1,0,22.8
11:31:02,1,-38.747772,-72.630745,2,3,3,624,170,10,1,1,0,23.2
11:31:04,1,-38.747837,-72.631020,3,3,4,663,189,11,1,1,0,24.9
11:31:06,1,-38.747902,-72.631317,3,3,4,657,184,11,1,1,0,25.8
11:31:08,1,-38.747967,-72.631607,3,3,4,618,177,14,1,1,0,25.7
11:31:10,1,-38.748032,-72.631897,3,3,4,630,181,11,1,1,0,25.8
11:31:14,1,-38.748173,-72.632530,3,3,3,645,182,12,0,0,0,28.1
11:31:16,1,-38.748245,-72.632843,3,4,4,723,207,13,1,0,0,27.0
11:31:18,1,-38.748310,-72.633141,4,4,4,777,220,16,1,0,0,25.7
11:31:20,1,-38.748375,-72.633438,3,4,5,786,220,18,2,0,0,26.4
11:31:22,1,-38.748447,-72.633743,4,5,6,840,235,29,3,1,1,28.2
11:31:24,1,-38.748512,-72.634079,3,5,7,825,235,30,4,2,1,28.8
11:31:26,1,-38.748589,-72.634415,4,5,7,858,242,28,4,2,1,29.6
11:31:28,1,-38.748653,-72.634735,4,5,7,873,251,35,4,2,1,27.5
11:31:30,1,-38.748718,-72.635040,4,5,7,867,249,36,4,2,1,25.1
11:31:32,1,-38.748791,-72.635323,4,5,7,849,244,34,4,2,1,24.9
11:31:34,1,-38.748859,-72.635590,4,5,7,861,242,36,3,2,1,23.0
11:31:36,1,-38.748898,-72.635849,4,5,7,861,244,34,3,2,1,22.1
11:31:38,1,-38.748940,-72.636078,4,5,7,855,242,32,2,2,1,17.8
11:31:42,1,-38.748997,-72.636360,4,5,5,834,229,28,1,0,0,7.8
11:31:44,1,-38.749001,-72.636398,4,5,5,807,215,27,1,0,0,0.7
11:31:46,1,-38.749004,-72.636406,3,4,4,768,199,20,1,0,0,0.2
11:31:48,1,-38.749008,-72.636414,3,4,4,768,205,20,1,0,0,0.2
11:31:50,1,-38.749016,-72.636414,3,4,4,741,199,20,1,0,0,0.2
11:31:52,1,-38.749023,-72.636414,3,3,4,681,179,18,2,0,0,0.2
11:31:54,1,-38.749027,-72.636421,3,3,4,660,172,17,2,0,0,0.1
11:31:56,1,-38.749031,-72.636421,3,3,3,639,163,14,2,0,0,0.1
11:31:58,1,-38.749035,-72.636421,2,3,4,639,157,12,3,1,1,0.1
11:32:00,1,-38.749035,-72.636421,2,2,3,600,146,13,2,1,1,0.1
11:32:02,1,-38.749035,-72.636421,2,2,4,621,157,14,3,2,1,0.0
11:32:04,1,-38.749035,-72.636421,2,3,4,660,168,14,3,2,1,0.0
11:32:06,1,-38.749035,-72.636421,3,3,4,675,173,16,3,2,1,0.1
11:32:08,1,-38.749035,-72.636421,3,3,4,696,175,14,3,2,1,0.1
11:32:10,1,-38.749035,-72.636421,3,3,4,711,183,13,2,2,1,0.0
11:32:12,1,-38.749031,-72.636429,3,3,4,705,183,14,2,2,1,0.1
11:32:14,1,-38.749035,-72.636436,3,3,5,690,185,14,2,2,1,3.1
11:32:16,1,-38.749050,-72.636520,3,3,4,666,185,14,1,1,0,8.4
11:32:18,1,-38.749077,-72.636650,3,3,4,624,181,8,1,1,0,13.0
11:32:20,1,-38.749111,-72.636818,2,3,3,537,157,7,0,0,0,15.3
11:32:22,1,-38.749149,-72.637016,2,2,2,483,138,7,0,0,0,18.6
11:32:24,1,-38.749203,-72.637245,2,2,2,477,133,5,0,0,0,22.3
11:32:26,1,-38.749264,-72.637505,2,2,2,462,129,4,0,0,0,23.5
11:32:28,1,-38.749329,-72.637787,2,2,2,441,125,5,0,0,0,25.4
11:32:30,1,-38.749397,-72.638084,2,2,2,414,119,5,0,0,0,26.7
11:32:32,1,-38.749466,-72.638397,2,2,2,441,126,5,0,0,0,27.9
11:32:34,1,-38.749535,-72.638710,2,2,2,426,117,4,0,0,0,26.9
11:32:36,1,-38.749599,-72.639015,1,1,1,426,109,3,0,0,0,25.5
11:32:38,1,-38.749657,-72.639305,2,2,2,480,120,12,0,0,0,25.5
11:32:40,1,-38.749718,-72.639595,2,2,2,546,135,12,0,0,0,25.9
11:32:42,1,-38.749771,-72.639877,2,2,2,546,139,11,0,0,0,23.5
11:32:44,1,-38.749817,-72.640083,2,3,3,600,154,12,1,1,1,14.6
11:32:46,1,-38.749840,-72.640236,3,3,4,648,170,14,1,1,1,12.6
11:32:48,1,-38.749863,-72.640335,3,3,4,708,185,16,1,1,1,7.2
11:32:50,1,-38.749886,-72.640411,3,4,4,729,187,19,1,1,1,7.9
11:32:52,1,-38.749901,-72.640549,4,5,6,870,233,35,1,1,1,14.2
11:32:54,1,-38.749950,-72.640762,4,6,7,972,266,36,1,1,1,20.0
11:32:56,1,-38.750008,-72.641014,5,6,7,1080,287,28,1,1,1,23.0
11:32:58,1,-38.750069,-72.641296,5,6,7,1068,289,28,1,1,1,25.9
11:33:00,1,-38.750134,-72.641609,6,7,8,1179,316,35,1,1,1,27.6
11:33:02,1,-38.750198,-72.641907,6,7,7,1218,327,37,0,0,0,24.7
11:33:04,1,-38.750244,-72.642128,6,7,7,1185,318,34,0,0,0,16.6
11:33:06,1,-38.750286,-72.642326,6,7,7,1191,318,31,0,0,0,17.7
11:33:08,1,-38.750336,-72.642548,6,8,8,1239,338,40,1,1,0,21.0
11:33:10,1,-38.750389,-72.642807,6,7,7,1191,318,31,1,1,0,22.6
11:33:12,1,-38.750443,-72.643059,5,6,7,1125,298,33,1,1,0,21.1
11:33:14,1,-38.750488,-72.643280,5,7,8,1083,294,40,2,2,0,17.3
11:33:16,1,-38.750519,-72.643425,4,6,8,1005,269,43,3,3,0,10.9
11:33:18,1,-38.750549,-72.643570,4,5,7,927,249,36,3,3,0,14.1
11:33:20,1,-38.750580,-72.643745,4,5,7,861,236,33,3,3,0,16.1
11:33:22,1,-38.750626,-72.643936,4,5,7,861,233,33,3,3,0,17.5
11:33:26,1,-38.750725,-72.644356,3,4,5,747,194,22,2,2,0,20.1
11:33:28,1,-38.750771,-72.644585,3,3,4,720,188,15,2,2,0,20.3
11:33:30,1,-38.750820,-72.644806,3,3,4,693,183,12,2,2,0,18.6
11:33:32,1,-38.750862,-72.645012,2,2,3,615,163,5,1,1,0,17.9
11:33:34,1,-38.750912,-72.645226,2,2,2,546,148,1,0,0,0,17.6
11:33:36,1,-38.750950,-72.645401,2,2,2,546,142,1,0,0,0,14.8
11:33:38,1,-38.750969,-72.645576,2,2,2,534,135,1,0,0,0,15.7
11:33:40,1,-38.750977,-72.645752,1,2,2,492,126,2,0,0,0,10.9
11:33:42,1,-38.750992,-72.645851,1,2,2,483,122,2,0,0,0,8.9
11:33:44,1,-38.750996,-72.645912,1,1,1,438,113,2,0,0,0,1.8
11:33:46,1,-38.750980,-72.645958,1,1,1,417,106,3,0,0,0,5.6
11:33:48,1,-38.750900,-72.645981,1,1,1,429,111,3,0,0,0,11.7
11:33:50,1,-38.750755,-72.645973,1,1,1,447,113,3,0,0,0,17.1
11:33:52,1,-38.750572,-72.645950,1,1,1,411,101,3,0,0,0,21.1
11:33:54,1,-38.750366,-72.645927,1,1,1,351,89,3,0,0,0,23.3
11:33:56,1,-38.750141,-72.645905,1,1,1,318,80,3,0,0,0,24.4
11:33:58,1,-38.749908,-72.645882,1,1,1,327,80,2,0,0,0,25.8
11:34:00,1,-38.749668,-72.645882,1,1,1,366,99,7,0,0,0,26.5
11:34:02,1,-38.749420,-72.645912,1,1,1,327,85,6,0,0,0,27.0
11:34:04,1,-38.749168,-72.645966,1,1,1,303,72,5,0,0,0,27.8
11:34:06,1,-38.748905,-72.646019,0,1,1,264,61,5,0,0,0,28.4
11:34:08,1,-38.748657,-72.646080,0,1,1,246,59,5,0,0,0,27.0
11:34:10,1,-38.748432,-72.646156,0,1,1,246,59,5,0,0,0,23.2
11:34:12,1,-38.748260,-72.646233,0,1,1,291,66,5,0,0,0,16.8
11:34:14,1,-38.748150,-72.646278,1,1,1,324,75,5,0,0,0,8.1
11:34:16,1,-38.748116,-72.646294,1,1,1,351,84,5,0,0,0,1.8
11:34:18,1,-38.748062,-72.646324,1,1,1,345,78,0,0,0,0,8.0
11:34:20,1,-38.747978,-72.646370,1,1,1,372,87,0,0,0,0,11.4
11:34:22,1,-38.747860,-72.646461,1,1,1,345,87,0,0,0,0,17.0
11:34:24,1,-38.747704,-72.646591,1,1,1,357,91,0,0,0,0,21.6
11:34:26,1,-38.747513,-72.646744,1,1,1,354,90,0,0,0,0,24.5
11:34:28,1,-38.747295,-72.646889,1,1,1,372,91,0,0,0,0,27.5
11:34:30,1,-38.747040,-72.647049,1,1,1,291,78,1,0,0,0,31.9
11:34:32,1,-38.746769,-72.647232,1,1,1,231,60,1,0,0,0,32.0
11:34:34,1,-38.746506,-72.647430,0,0,1,198,51,2,1,0,0,33.6
11:34:36,1,-38.746235,-72.647636,0,0,0,165,42,2,1,0,0,33.3
11:34:38,1,-38.745953,-72.647789,0,0,0,150,34,2,1,0,0,33.0
11:34:40,1,-38.745655,-72.647919,0,0,0,141,33,2,1,0,0,33.2
11:34:42,1,-38.745361,-72.648033,0,0,0,123,27,2,1,0,0,32.4
11:34:44,1,-38.745087,-72.648148,0,0,0,144,30,2,1,0,0,30.3
11:34:46,1,-38.744827,-72.648247,0,0,0,138,30,2,1,0,0,28.2
11:34:48,1,-38.744595,-72.648338,0,0,0,129,27,1,1,0,0,25.9
11:34:50,1,-38.744370,-72.648415,0,0,0,129,28,1,1,0,0,23.5
11:34:52,1,-38.744194,-72.648468,0,0,0,126,28,0,0,0,0,15.9
11:34:54,1,-38.744041,-72.648514,0,0,0,126,30,0,0,0,0,18.6
11:34:56,1,-38.743851,-72.648582,0,0,0,141,38,0,0,0,0,22.7
11:35:00,1,-38.743378,-72.648689,0,0,0,168,46,1,0,0,0,29.1
11:35:02,1,-38.743111,-72.648705,0,0,0,162,46,2,0,0,0,27.7
11:35:04,1,-38.742859,-72.648788,0,0,0,150,46,2,0,0,0,29.0
11:35:06,1,-38.742611,-72.648911,0,0,0,150,46,2,0,0,0,28.0
11:35:08,1,-38.742382,-72.649063,0,0,0,141,41,2,0,0,0,28.8
11:35:10,1,-38.742142,-72.649239,0,0,0,144,41,2,0,0,0,30.9
11:35:12,1,-38.741890,-72.649445,0,0,0,165,46,2,0,0,0,32.7
11:35:14,1,-38.741642,-72.649651,0,0,0,156,44,2,0,0,0,31.0
11:35:16,1,-38.741405,-72.649841,0,0,0,144,36,1,0,0,0,29.3
11:35:18,1,-38.741215,-72.650047,0,0,0,156,37,1,0,0,0,26.8
11:35:20,1,-38.741028,-72.650230,0,0,0,150,37,0,0,0,0,25.1
11:35:22,1,-38.740822,-72.650345,0,0,0,150,37,1,1,1,0,24.1
11:35:24,1,-38.740623,-72.650520,0,0,0,153,38,1,1,1,0,26.7
11:35:26,1,-38.740425,-72.650734,0,0,0,162,37,1,1,1,0,29.2
11:35:28,1,-38.740215,-72.650955,0,0,0,132,28,1,1,1,0,29.1
11:35:30,1,-38.739975,-72.651146,0,0,0,111,23,1,1,1,0,32.1
11:35:32,1,-38.739716,-72.651321,0,0,0,120,26,1,1,1,0,30.3
11:35:34,1,-38.739525,-72.651459,0,0,0,120,28,1,1,1,0,18.2
11:35:36,1,-38.739422,-72.651520,0,0,0,120,32,1,1,1,0,10.3
11:35:38,1,-38.739300,-72.651543,0,0,0,111,29,1,1,1,0,15.1
11:35:40,1,-38.739159,-72.651543,0,0,0,117,28,0,0,0,0,14.3
11:35:42,1,-38.739059,-72.651535,0,0,0,123,30,0,0,0,0,11.9
11:35:44,1,-38.738922,-72.651520,0,0,0,129,32,0,0,0,0,16.8
11:35:46,1,-38.738792,-72.651428,0,0,0,129,38,1,1,1,0,18.0
11:35:48,1,-38.738693,-72.651222,0,0,0,123,36,1,1,1,0,19.8
11:35:50,1,-38.738625,-72.651070,0,0,0,123,35,1,1,1,0,12.8
11:35:52,1,-38.738544,-72.650917,0,0,0,123,37,1,1,1,0,17.5
11:35:54,1,-38.738441,-72.650726,0,0,0,111,33,1,1,1,0,20.8
11:35:56,1,-38.738331,-72.650490,0,0,0,141,43,2,1,1,0,23.1
11:35:58,1,-38.738251,-72.650230,0,0,1,159,52,2,1,1,0,24.9
11:36:00,1,-38.738148,-72.649948,0,0,1,153,50,3,1,1,0,27.0
11:36:02,1,-38.738018,-72.649651,0,0,1,147,48,3,1,1,0,28.8
11:36:04,1,-38.737888,-72.649353,0,0,0,135,42,2,0,0,0,28.5
11:36:06,1,-38.737766,-72.649078,0,0,0,129,40,2,0,0,0,25.1
11:36:08,1,-38.737648,-72.648811,0,0,0,135,41,2,0,0,0,26.3
11:36:10,1,-38.737541,-72.648567,0,0,0,156,46,2,0,0,0,20.5
11:36:12,1,-38.737469,-72.648415,0,0,0,180,52,2,0,0,0,13.2
11:36:14,1,-38.737392,-72.648247,0,0,1,171,47,2,1,1,0,18.0
11:36:16,1,-38.737309,-72.648064,0,0,1,165,45,2,1,1,0,16.8
11:36:18,1,-38.737240,-72.647911,0,0,1,165,45,1,1,1,0,11.7
11:36:20,1,-38.737270,-72.647758,0,0,1,165,45,1,1,1,0,15.9
11:36:24,1,-38.737492,-72.647354,0,0,1,186,48,1,1,1,0,24.0
11:36:26,1,-38.737629,-72.647102,0,0,1,180,47,1,1,1,0,26.0
11:36:28,1,-38.737762,-72.646858,0,0,0,159,42,1,1,1,0,24.5
11:36:30,1,-38.737892,-72.646637,0,0,0,159,44,1,1,1,0,23.1
11:36:32,1,-38.738007,-72.646431,0,0,0,147,42,0,0,0,0,19.6
11:36:34,1,-38.738113,-72.646240,0,0,0,126,35,0,0,0,0,20.4
11:36:36,1,-38.738235,-72.646034,0,0,0,150,43,1,0,0,0,23.2
11:36:38,1,-38.738369,-72.645798,0,0,0,147,42,1,0,0,0,25.0
11:36:40,1,-38.738510,-72.645554,0,0,0,138,39,1,0,0,0,26.0
11:36:42,1,-38.738655,-72.645302,0,0,0,135,38,1,0,0,0,26.3
11:36:44,1,-38.738800,-72.645042,0,0,0,135,39,1,0,0,0,27.0
11:36:46,1,-38.738953,-72.644783,0,0,0,195,54,2,0,0,0,27.5
11:36:48,1,-38.739105,-72.644524,0,0,0,243,63,2,0,0,0,27.2
11:36:50,1,-38.739250,-72.644264,1,1,1,303,80,3,0,0,0,26.8
11:36:52,1,-38.739391,-72.644012,1,1,1,330,87,3,0,0,0,25.7
11:36:54,1,-38.739517,-72.643791,1,1,1,384,99,3,0,0,0,20.9
11:36:56,1,-38.739624,-72.643608,1,1,1,387,100,3,0,0,0,20.0
11:36:58,1,-38.739746,-72.643410,1,1,1,396,103,4,0,0,0,22.3
11:37:00,1,-38.739876,-72.643188,1,2,2,426,119,6,0,0,0,24.5
11:37:02,1,-38.740021,-72.642937,2,2,2,438,123,9,0,0,0,27.0
11:37:04,1,-38.740181,-72.642670,2,2,3,444,126,13,1,1,0,29.4
11:37:06,1,-38.740334,-72.642403,2,3,3,459,137,16,1,1,0,26.2
11:37:08,1,-38.740471,-72.642174,2,3,3,471,137,16,1,1,0,22.1
11:37:11,1,-38.740562,-72.642014,2,3,3,471,137,16,1,1,0,13.8
11:37:12,1,-38.740635,-72.641891,2,2,3,465,134,15,1,1,0,12.5
11:37:14,1,-38.740692,-72.641777,2,3,3,510,145,16,1,1,0,10.6
11:37:16,1,-38.740692,-72.641663,2,3,3,528,147,15,1,1,0,10.5
11:37:19,1,-38.740616,-72.641556,2,3,3,573,152,14,1,1,0,14.0
11:37:21,1,-38.740498,-72.641502,2,3,3,627,159,11,1,1,0,12.9
11:37:23,1,-38.740364,-72.641464,2,2,2,609,157,7,0,0,0,15.5
11:37:25,1,-38.740200,-72.641403,2,2,2,627,162,4,0,0,0,19.4
11:37:27,1,-38.740005,-72.641327,3,3,3,660,174,3,0,0,0,22.0
11:37:29,1,-38.739807,-72.641258,3,3,3,720,188,6,0,0,0,22.1
11:37:31,1,-38.739605,-72.641182,3,3,3,726,193,7,0,0,0,22.8
11:37:33,1,-38.739399,-72.641106,3,4,4,768,206,9,0,0,0,22.5
11:37:35,1,-38.739223,-72.641052,4,4,4,822,224,9,0,0,0,16.8
11:37:37,1,-38.739109,-72.641014,4,4,4,822,232,12,0,0,0,11.2
11:37:39,1,-38.739010,-72.640984,4,4,5,819,231,14,1,1,0,11.6
11:37:41,1,-38.738884,-72.640953,4,5,5,852,240,14,1,1,0,15.8
11:37:43,1,-38.738731,-72.640892,4,4,5,819,226,14,1,1,0,18.2
11:37:45,1,-38.738567,-72.640823,4,4,5,765,212,17,1,1,0,18.8
11:37:47,1,-38.738392,-72.640755,3,4,5,738,207,15,2,1,0,19.4
11:37:49,1,-38.738209,-72.640694,3,3,4,684,187,14,2,1,0,20.9
11:37:51,1,-38.738022,-72.640617,3,3,4,663,180,11,2,1,0,21.2
11:37:53,1,-38.737831,-72.640549,3,3,4,630,173,11,2,1,0,21.4
11:37:55,1,-38.737633,-72.640472,2,2,3,606,164,8,2,1,0,23.1
11:37:59,1,-38.737209,-72.640312,2,2,2,495,135,7,1,0,0,24.5
11:38:01,1,-38.736984,-72.640228,2,2,2,468,127,7,1,0,0,25.9
11:38:02,1,-38.736744,-72.640137,2,2,2,504,136,5,1,0,0,27.7
11:38:05,1,-38.736511,-72.640045,2,2,2,534,147,7,0,0,0,25.6
11:38:07,1,-38.736298,-72.639961,2,2,2,534,149,7,0,0,0,22.0
11:38:09,1,-38.736149,-72.639915,2,2,2,546,156,8,0,0,0,11.9
11:38:11,1,-38.736099,-72.639900,2,2,2,540,150,8,0,0,0,2.0
11:38:13,1,-38.736099,-72.639900,3,3,3,594,168,8,0,0,0,0.2
11:38:15,1,-38.736099,-72.639900,3,3,3,606,168,8,0,0,0,0.5
11:38:17,1,-38.736103,-72.639900,3,3,3,627,176,8,0,0,0,0.1
11:38:19,1,-38.736103,-72.639893,3,3,3,642,182,8,0,0,0,0.0
11:38:21,1,-38.736088,-72.639893,3,3,3,594,169,7,0,0,0,5.0
11:38:23,1,-38.736008,-72.639870,2,2,2,546,156,4,0,0,0,10.4
11:38:25,1,-38.735901,-72.639870,2,2,2,555,158,4,0,0,0,12.3
11:38:26,1,-38.735806,-72.639915,2,2,2,522,149,3,0,0,0,8.4
11:38:29,1,-38.735760,-72.639938,2,2,2,516,149,8,0,0,0,2.8
11:38:31,1,-38.735752,-72.639938,2,2,2,435,123,8,0,0,0,0.1
11:38:33,1,-38.735748,-72.639938,2,2,2,408,117,8,0,0,0,0.4
11:38:35,1,-38.735744,-72.639938,1,1,1,369,102,5,0,0,0,0.2
11:38:37,1,-38.735744,-72.639938,1,1,1,336,93,5,0,0,0,0.0
11:38:39,1,-38.735741,-72.639931,1,1,1,417,113,5,0,0,0,0.1
11:38:41,1,-38.735741,-72.639931,1,1,1,411,109,5,0,0,0,0.1
11:38:43,1,-38.735741,-72.639931,1,1,2,396,107,6,1,1,0,0.1
11:38:45,1,-38.735737,-72.639931,1,1,2,411,103,6,1,1,0,0.2
11:38:47,1,-38.735737,-72.639931,1,1,2,423,109,1,1,1,0,0.0
11:38:49,1,-38.735729,-72.639931,1,1,3,474,128,2,2,2,1,0.1
11:38:51,1,-38.735729,-72.639931,1,1,3,462,126,2,2,2,1,0.3
11:38:53,1,-38.735714,-72.639938,1,1,3,402,109,2,2,2,1,4.1
11:38:55,1,-38.735649,-72.639961,1,1,3,426,118,5,2,2,1,8.1
11:38:57,1,-38.735538,-72.640007,1,1,2,339,98,5,2,2,1,13.5
11:38:59,1,-38.735420,-72.640068,1,1,2,333,95,5,2,2,1,14.6
11:39:01,1,-38.735325,-72.640160,1,1,2,348,102,4,1,1,1,12.3
11:39:05,1,-38.735340,-72.640549,1,1,2,294,88,5,1,1,1,18.7
11:39:07,1,-38.735367,-72.640717,1,1,1,264,77,4,0,0,0,11.9
11:39:09,1,-38.735363,-72.640808,1,1,2,288,83,5,1,1,1,3.7
11:39:11,1,-38.735340,-72.640846,1,1,2,285,82,5,1,1,1,4.3
11:39:13,1,-38.735275,-72.640877,0,0,1,237,64,2,1,1,1,9.3
11:39:15,1,-38.735161,-72.640930,0,0,1,210,50,2,1,1,1,13.8
11:39:17,1,-38.735023,-72.640984,0,0,1,222,55,2,1,1,1,14.8
11:39:19,1,-38.734943,-72.641022,0,0,1,201,48,2,1,1,1,7.1
11:39:21,1,-38.734894,-72.641037,0,0,1,207,48,2,1,1,1,5.1
11:39:22,1,-38.734821,-72.641068,0,0,2,240,57,3,2,2,1,9.8
11:39:25,1,-38.734711,-72.641113,0,0,2,246,57,3,2,2,1,14.4
11:39:27,1,-38.734604,-72.641151,0,0,1,219,50,2,1,1,0,9.3
11:39:29,1,-38.734543,-72.641129,0,0,1,249,53,2,1,1,0,5.8
11:39:33,1,-38.734486,-72.640976,0,0,1,264,61,2,1,1,0,8.1
11:39:35,1,-38.734497,-72.640930,0,0,1,243,54,2,1,1,0,2.5
11:39:37,1,-38.734520,-72.640900,0,0,1,276,63,2,1,1,0,2.0
11:39:39,1,-38.734547,-72.640877,0,0,1,282,64,2,2,2,0,3.0
11:39:41,1,-38.734558,-72.640869,0,0,1,255,59,1,1,1,0,0.0
11:39:43,1,-38.734562,-72.640862,0,0,1,228,53,1,1,1,0,0.2
11:39:45,1,-38.734570,-72.640854,0,0,1,243,58,1,1,1,0,0.3
11:39:47,1,-38.734570,-72.640854,0,0,1,213,55,1,1,1,0,0.2
11:39:49,1,-38.734573,-72.640854,0,0,1,213,55,1,1,1,0,0.9
11:39:50,1,-38.734577,-72.640846,0,0,1,171,46,1,1,1,0,0.1
11:39:53,1,-38.734577,-72.640846,0,0,1,180,51,2,1,1,0,0.2
11:39:54,1,-38.734573,-72.640846,0,0,1,147,42,2,1,1,0,0.0
11:39:56,1,-38.734573,-72.640846,0,0,0,135,41,1,0,0,0,0.0
11:39:58,1,-38.734570,-72.640846,0,0,0,108,32,1,0,0,0,0.1
11:40:00,1,-38.734566,-72.640854,0,0,0,102,29,1,0,0,0,0.0
11:40:02,1,-38.734566,-72.640854,0,0,0,87,24,1,0,0,0,0.0